insertId,logName,operation.first,operation.id,operation.last,operation.producer,protoPayload.authenticationInfo.principalEmail,protoPayload.authenticationInfo.serviceAccountKeyName,protoPayload.authorizationInfo.granted,protoPayload.authorizationInfo.permission,protoPayload.authorizationInfo.resourceAttributes.name,protoPayload.authorizationInfo.resourceAttributes.service,protoPayload.authorizationInfo.resourceAttributes.type,protoPayload.methodName,protoPayload.request.@type,protoPayload.request.disks,protoPayload.request.machineType,protoPayload.request.name,protoPayload.request.networkInterfaces,protoPayload.request.serviceAccounts,protoPayload.requestMetadata.callerIp,protoPayload.requestMetadata.callerNetwork,protoPayload.requestMetadata.callerSuppliedUserAgent,protoPayload.requestMetadata.destinationAttributes,protoPayload.requestMetadata.requestAttributes.auth,protoPayload.requestMetadata.requestAttributes.reason,protoPayload.requestMetadata.requestAttributes.time,protoPayload.resourceLocation.currentLocations,protoPayload.resourceName,protoPayload.response.@type,protoPayload.response.id,protoPayload.response.insertTime,protoPayload.response.name,protoPayload.response.operationType,protoPayload.response.progress,protoPayload.response.selfLink,protoPayload.response.selfLinkWithId,protoPayload.response.startTime,protoPayload.response.status,protoPayload.response.targetId,protoPayload.response.targetLink,protoPayload.response.user,protoPayload.response.zone,protoPayload.serviceName,receiveTimestamp,resource.labels.instance_id,resource.labels.project_id,resource.labels.zone,resource.type,severity,timestamp
#NAME?,projects/manisha-suresh/logs/cloudaudit.googleapis.com%2Factivity,,operation-1603501968237-5b2606536a444-1c177f85-aba1a804,TRUE,compute.googleapis.com,mapreducesystem@manisha-suresh.iam.gserviceaccount.com,,,,,,,v1.compute.instances.insert,type.googleapis.com/compute.instances.insert,,,,,,34.72.158.1,//compute.googleapis.com/projects/manisha-suresh/global/networks/__unknown__,"(gzip),gzip(gfe)",[object Object],,,,,projects/manisha-suresh/zones/us-central1-a/instances/map-reduce3,,,,,,,,,,,,,,,compute.googleapis.com,2020-10-24T01:12:58.335791694Z,3.35253E+18,manisha-suresh,us-central1-a,gce_instance,NOTICE,2020-10-24T01:12:57.667341Z
-63nyn5dfu5s,projects/manisha-suresh/logs/cloudaudit.googleapis.com%2Factivity,,operation-1603501970355-5b2606556f622-c1123e52-7e05148d,TRUE,compute.googleapis.com,mapreducesystem@manisha-suresh.iam.gserviceaccount.com,,,,,,,v1.compute.instances.insert,type.googleapis.com/compute.instances.insert,,,,,,34.72.158.1,//compute.googleapis.com/projects/manisha-suresh/global/networks/__unknown__,"(gzip),gzip(gfe)",[object Object],,,,,projects/manisha-suresh/zones/us-central1-a/instances/map-reduce4,,,,,,,,,,,,,,,compute.googleapis.com,2020-10-24T01:12:58.163494270Z,3.66811E+18,manisha-suresh,us-central1-a,gce_instance,NOTICE,2020-10-24T01:12:56.653058Z
5u0594dedgi,projects/manisha-suresh/logs/cloudaudit.googleapis.com%2Factivity,,operation-1603501967164-5b26065264350-b81c944f-6c09937c,TRUE,compute.googleapis.com,mapreducesystem@manisha-suresh.iam.gserviceaccount.com,,,,,,,v1.compute.instances.insert,type.googleapis.com/compute.instances.insert,,,,,,34.72.158.1,//compute.googleapis.com/projects/manisha-suresh/global/networks/__unknown__,"(gzip),gzip(gfe)",[object Object],,,,,projects/manisha-suresh/zones/us-central1-a/instances/map-reduce2,,,,,,,,,,,,,,,compute.googleapis.com,2020-10-24T01:12:56.466870141Z,4.82873E+18,manisha-suresh,us-central1-a,gce_instance,NOTICE,2020-10-24T01:12:55.851852Z
-3baqezd3oge,projects/manisha-suresh/logs/cloudaudit.googleapis.com%2Factivity,,operation-1603501965776-5b2606511184a-b8928cbb-c3c5025f,TRUE,compute.googleapis.com,mapreducesystem@manisha-suresh.iam.gserviceaccount.com,,,,,,,v1.compute.instances.insert,type.googleapis.com/compute.instances.insert,,,,,,34.72.158.1,//compute.googleapis.com/projects/manisha-suresh/global/networks/__unknown__,"(gzip),gzip(gfe)",[object Object],,,,,projects/manisha-suresh/zones/us-central1-a/instances/map-reduce1,,,,,,,,,,,,,,,compute.googleapis.com,2020-10-24T01:12:56.312236504Z,1.54489E+18,manisha-suresh,us-central1-a,gce_instance,NOTICE,2020-10-24T01:12:55.804196Z
-9wqh4e1rvas,projects/manisha-suresh/logs/cloudaudit.googleapis.com%2Factivity,TRUE,operation-1603501970355-5b2606556f622-c1123e52-7e05148d,,compute.googleapis.com,mapreducesystem@manisha-suresh.iam.gserviceaccount.com,//iam.googleapis.com/projects/manisha-suresh/serviceAccounts/mapreducesystem@manisha-suresh.iam.gserviceaccount.com/keys/400bdc514e9747f98c897caf2f8615d4074f5011,"true,true,true,true,true,true","compute.instances.create,compute.disks.create,compute.subnetworks.use,compute.subnetworks.useExternalIp,compute.instances.setMetadata,compute.instances.setServiceAccount","projects/manisha-suresh/zones/us-central1-a/instances/map-reduce4,projects/manisha-suresh/zones/us-central1-a/disks/map-reduce4,projects/manisha-suresh/regions/us-central1/subnetworks/default,projects/manisha-suresh/regions/us-central1/subnetworks/default,projects/manisha-suresh/zones/us-central1-a/instances/map-reduce4,projects/manisha-suresh/zones/us-central1-a/instances/map-reduce4","compute,compute,compute,compute,compute,compute","compute.instances,compute.disks,compute.subnetworks,compute.subnetworks,compute.instances,compute.instances",v1.compute.instances.insert,type.googleapis.com/compute.instances.insert,[object Object],projects/manisha-suresh/zones/us-central1-a/machineTypes/e2-medium,map-reduce4,[object Object],[object Object],34.72.158.1,//compute.googleapis.com/projects/manisha-suresh/global/networks/__unknown__,"(gzip),gzip(gfe)",[object Object],[object Object],,2020-10-24T01:12:51.661166Z,us-central1-a,projects/manisha-suresh/zones/us-central1-a/instances/map-reduce4,type.googleapis.com/operation,6.84327E+18,2020-10-23T18:12:51.194-07:00,operation-1603501970355-5b2606556f622-c1123e52-7e05148d,insert,0,https://www.googleapis.com/compute/v1/projects/manisha-suresh/zones/us-central1-a/operations/operation-1603501970355-5b2606556f622-c1123e52-7e05148d,https://www.googleapis.com/compute/v1/projects/manisha-suresh/zones/us-central1-a/operations/6843268860578021756,2020-10-23T18:12:51.196-07:00,RUNNING,3.66811E+18,https://www.googleapis.com/compute/v1/projects/manisha-suresh/zones/us-central1-a/instances/map-reduce4,mapreducesystem@manisha-suresh.iam.gserviceaccount.com,https://www.googleapis.com/compute/v1/projects/manisha-suresh/zones/us-central1-a,compute.googleapis.com,2020-10-24T01:12:52.258502588Z,3.66811E+18,manisha-suresh,us-central1-a,gce_instance,NOTICE,2020-10-24T01:12:50.429134Z
#NAME?,projects/manisha-suresh/logs/cloudaudit.googleapis.com%2Factivity,TRUE,operation-1603501968237-5b2606536a444-1c177f85-aba1a804,,compute.googleapis.com,mapreducesystem@manisha-suresh.iam.gserviceaccount.com,//iam.googleapis.com/projects/manisha-suresh/serviceAccounts/mapreducesystem@manisha-suresh.iam.gserviceaccount.com/keys/400bdc514e9747f98c897caf2f8615d4074f5011,"true,true,true,true,true,true","compute.instances.create,compute.disks.create,compute.subnetworks.use,compute.subnetworks.useExternalIp,compute.instances.setMetadata,compute.instances.setServiceAccount","projects/manisha-suresh/zones/us-central1-a/instances/map-reduce3,projects/manisha-suresh/zones/us-central1-a/disks/map-reduce3,projects/manisha-suresh/regions/us-central1/subnetworks/default,projects/manisha-suresh/regions/us-central1/subnetworks/default,projects/manisha-suresh/zones/us-central1-a/instances/map-reduce3,projects/manisha-suresh/zones/us-central1-a/instances/map-reduce3","compute,compute,compute,compute,compute,compute","compute.instances,compute.disks,compute.subnetworks,compute.subnetworks,compute.instances,compute.instances",v1.compute.instances.insert,type.googleapis.com/compute.instances.insert,[object Object],projects/manisha-suresh/zones/us-central1-a/machineTypes/e2-medium,map-reduce3,[object Object],[object Object],34.72.158.1,//compute.googleapis.com/projects/manisha-suresh/global/networks/__unknown__,"(gzip),gzip(gfe)",[object Object],[object Object],,2020-10-24T01:12:50.340700Z,us-central1-a,projects/manisha-suresh/zones/us-central1-a/instances/map-reduce3,type.googleapis.com/operation,3.32502E+18,2020-10-23T18:12:50.158-07:00,operation-1603501968237-5b2606536a444-1c177f85-aba1a804,insert,0,https://www.googleapis.com/compute/v1/projects/manisha-suresh/zones/us-central1-a/operations/operation-1603501968237-5b2606536a444-1c177f85-aba1a804,https://www.googleapis.com/compute/v1/projects/manisha-suresh/zones/us-central1-a/operations/3325015703928357246,2020-10-23T18:12:50.162-07:00,RUNNING,3.35253E+18,https://www.googleapis.com/compute/v1/projects/manisha-suresh/zones/us-central1-a/instances/map-reduce3,mapreducesystem@manisha-suresh.iam.gserviceaccount.com,https://www.googleapis.com/compute/v1/projects/manisha-suresh/zones/us-central1-a,compute.googleapis.com,2020-10-24T01:12:50.515179018Z,3.35253E+18,manisha-suresh,us-central1-a,gce_instance,NOTICE,2020-10-24T01:12:48.298954Z
7i0diqe1nd0g,projects/manisha-suresh/logs/cloudaudit.googleapis.com%2Factivity,TRUE,operation-1603501967164-5b26065264350-b81c944f-6c09937c,,compute.googleapis.com,mapreducesystem@manisha-suresh.iam.gserviceaccount.com,//iam.googleapis.com/projects/manisha-suresh/serviceAccounts/mapreducesystem@manisha-suresh.iam.gserviceaccount.com/keys/400bdc514e9747f98c897caf2f8615d4074f5011,"true,true,true,true,true,true","compute.instances.create,compute.disks.create,compute.subnetworks.use,compute.subnetworks.useExternalIp,compute.instances.setMetadata,compute.instances.setServiceAccount","projects/manisha-suresh/zones/us-central1-a/instances/map-reduce2,projects/manisha-suresh/zones/us-central1-a/disks/map-reduce2,projects/manisha-suresh/regions/us-central1/subnetworks/default,projects/manisha-suresh/regions/us-central1/subnetworks/default,projects/manisha-suresh/zones/us-central1-a/instances/map-reduce2,projects/manisha-suresh/zones/us-central1-a/instances/map-reduce2","compute,compute,compute,compute,compute,compute","compute.instances,compute.disks,compute.subnetworks,compute.subnetworks,compute.instances,compute.instances",v1.compute.instances.insert,type.googleapis.com/compute.instances.insert,[object Object],projects/manisha-suresh/zones/us-central1-a/machineTypes/e2-medium,map-reduce2,[object Object],[object Object],34.72.158.1,//compute.googleapis.com/projects/manisha-suresh/global/networks/__unknown__,"(gzip),gzip(gfe)",[object Object],[object Object],,2020-10-24T01:12:48.214516Z,us-central1-a,projects/manisha-suresh/zones/us-central1-a/instances/map-reduce2,type.googleapis.com/operation,4.00237E+18,2020-10-23T18:12:48.001-07:00,operation-1603501967164-5b26065264350-b81c944f-6c09937c,insert,0,https://www.googleapis.com/compute/v1/projects/manisha-suresh/zones/us-central1-a/operations/operation-1603501967164-5b26065264350-b81c944f-6c09937c,https://www.googleapis.com/compute/v1/projects/manisha-suresh/zones/us-central1-a/operations/4002369331118653792,2020-10-23T18:12:48.004-07:00,RUNNING,4.82873E+18,https://www.googleapis.com/compute/v1/projects/manisha-suresh/zones/us-central1-a/instances/map-reduce2,mapreducesystem@manisha-suresh.iam.gserviceaccount.com,https://www.googleapis.com/compute/v1/projects/manisha-suresh/zones/us-central1-a,compute.googleapis.com,2020-10-24T01:12:48.471912607Z,4.82873E+18,manisha-suresh,us-central1-a,gce_instance,NOTICE,2020-10-24T01:12:47.220419Z
5k8665d53oo,projects/manisha-suresh/logs/cloudaudit.googleapis.com%2Factivity,TRUE,operation-1603501965776-5b2606511184a-b8928cbb-c3c5025f,,compute.googleapis.com,mapreducesystem@manisha-suresh.iam.gserviceaccount.com,//iam.googleapis.com/projects/manisha-suresh/serviceAccounts/mapreducesystem@manisha-suresh.iam.gserviceaccount.com/keys/400bdc514e9747f98c897caf2f8615d4074f5011,"true,true,true,true,true,true","compute.instances.create,compute.disks.create,compute.subnetworks.use,compute.subnetworks.useExternalIp,compute.instances.setMetadata,compute.instances.setServiceAccount","projects/manisha-suresh/zones/us-central1-a/instances/map-reduce1,projects/manisha-suresh/zones/us-central1-a/disks/map-reduce1,projects/manisha-suresh/regions/us-central1/subnetworks/default,projects/manisha-suresh/regions/us-central1/subnetworks/default,projects/manisha-suresh/zones/us-central1-a/instances/map-reduce1,projects/manisha-suresh/zones/us-central1-a/instances/map-reduce1","compute,compute,compute,compute,compute,compute","compute.instances,compute.disks,compute.subnetworks,compute.subnetworks,compute.instances,compute.instances",v1.compute.instances.insert,type.googleapis.com/compute.instances.insert,[object Object],projects/manisha-suresh/zones/us-central1-a/machineTypes/e2-medium,map-reduce1,[object Object],[object Object],34.72.158.1,//compute.googleapis.com/projects/manisha-suresh/global/networks/__unknown__,"(gzip),gzip(gfe)",[object Object],[object Object],,2020-10-24T01:12:47.146038Z,us-central1-a,projects/manisha-suresh/zones/us-central1-a/instances/map-reduce1,type.googleapis.com/operation,3.52221E+18,2020-10-23T18:12:46.961-07:00,operation-1603501965776-5b2606511184a-b8928cbb-c3c5025f,insert,0,https://www.googleapis.com/compute/v1/projects/manisha-suresh/zones/us-central1-a/operations/operation-1603501965776-5b2606511184a-b8928cbb-c3c5025f,https://www.googleapis.com/compute/v1/projects/manisha-suresh/zones/us-central1-a/operations/3522208802222817633,2020-10-23T18:12:46.965-07:00,RUNNING,1.54489E+18,https://www.googleapis.com/compute/v1/projects/manisha-suresh/zones/us-central1-a/instances/map-reduce1,mapreducesystem@manisha-suresh.iam.gserviceaccount.com,https://www.googleapis.com/compute/v1/projects/manisha-suresh/zones/us-central1-a,compute.googleapis.com,2020-10-24T01:12:47.158574186Z,1.54489E+18,manisha-suresh,us-central1-a,gce_instance,NOTICE,2020-10-24T01:12:45.837302Z
p9a7bpdcw0w,projects/manisha-suresh/logs/cloudaudit.googleapis.com%2Factivity,,operation-1603500545368-5b2601067614b-ab6a4d7e-30a0ce4c,TRUE,compute.googleapis.com,mapreducesystem@manisha-suresh.iam.gserviceaccount.com,,,,,,,v1.compute.instances.delete,type.googleapis.com/compute.instances.delete,,,,,,34.72.158.1,//compute.googleapis.com/projects/manisha-suresh/global/networks/__unknown__,"(gzip),gzip(gfe)",[object Object],,,,,projects/manisha-suresh/zones/us-central1-a/instances/map-reduce3,,,,,,,,,,,,,,,compute.googleapis.com,2020-10-24T00:49:24.761132713Z,7.38901E+18,manisha-suresh,us-central1-a,gce_instance,NOTICE,2020-10-24T00:49:24.461665Z
#NAME?,projects/manisha-suresh/logs/cloudaudit.googleapis.com%2Factivity,,operation-1603500545873-5b260106f1613-548fb121-6a4a0a3b,TRUE,compute.googleapis.com,mapreducesystem@manisha-suresh.iam.gserviceaccount.com,,,,,,,v1.compute.instances.delete,type.googleapis.com/compute.instances.delete,,,,,,34.72.158.1,//compute.googleapis.com/projects/manisha-suresh/global/networks/__unknown__,"(gzip),gzip(gfe)",[object Object],,,,,projects/manisha-suresh/zones/us-central1-a/instances/map-reduce4,,,,,,,,,,,,,,,compute.googleapis.com,2020-10-24T00:49:23.633613404Z,7.79219E+18,manisha-suresh,us-central1-a,gce_instance,NOTICE,2020-10-24T00:49:23.235110Z
#NAME?,projects/manisha-suresh/logs/cloudaudit.googleapis.com%2Factivity,,operation-1603500544826-5b260105f1d48-d4b632ea-604776a3,TRUE,compute.googleapis.com,mapreducesystem@manisha-suresh.iam.gserviceaccount.com,,,,,,,v1.compute.instances.delete,type.googleapis.com/compute.instances.delete,,,,,,34.72.158.1,//compute.googleapis.com/projects/manisha-suresh/global/networks/__unknown__,"(gzip),gzip(gfe)",[object Object],,,,,projects/manisha-suresh/zones/us-central1-a/instances/map-reduce2,,,,,,,,,,,,,,,compute.googleapis.com,2020-10-24T00:49:19.463696913Z,6.33904E+18,manisha-suresh,us-central1-a,gce_instance,NOTICE,2020-10-24T00:49:18.693097Z
xv0ciddffg2,projects/manisha-suresh/logs/cloudaudit.googleapis.com%2Factivity,,operation-1603500544194-5b26010557886-7e0352f5-16d1170a,TRUE,compute.googleapis.com,mapreducesystem@manisha-suresh.iam.gserviceaccount.com,,,,,,,v1.compute.instances.delete,type.googleapis.com/compute.instances.delete,,,,,,34.72.158.1,//compute.googleapis.com/projects/manisha-suresh/global/networks/__unknown__,"(gzip),gzip(gfe)",[object Object],,,,,projects/manisha-suresh/zones/us-central1-a/instances/map-reduce1,,,,,,,,,,,,,,,compute.googleapis.com,2020-10-24T00:49:19.564443168Z,2.46433E+18,manisha-suresh,us-central1-a,gce_instance,NOTICE,2020-10-24T00:49:18.677544Z
ldfw26e1ri16,projects/manisha-suresh/logs/cloudaudit.googleapis.com%2Factivity,TRUE,operation-1603500545873-5b260106f1613-548fb121-6a4a0a3b,,compute.googleapis.com,mapreducesystem@manisha-suresh.iam.gserviceaccount.com,//iam.googleapis.com/projects/manisha-suresh/serviceAccounts/mapreducesystem@manisha-suresh.iam.gserviceaccount.com/keys/400bdc514e9747f98c897caf2f8615d4074f5011,TRUE,compute.instances.delete,projects/manisha-suresh/zones/us-central1-a/instances/map-reduce4,compute,compute.instances,v1.compute.instances.delete,type.googleapis.com/compute.instances.delete,,,,,,34.72.158.1,//compute.googleapis.com/projects/manisha-suresh/global/networks/__unknown__,"(gzip),gzip(gfe)",[object Object],[object Object],,2020-10-24T00:49:06.288798Z,us-central1-a,projects/manisha-suresh/zones/us-central1-a/instances/map-reduce4,type.googleapis.com/operation,8.73092E+18,2020-10-23T17:49:06.159-07:00,operation-1603500545873-5b260106f1613-548fb121-6a4a0a3b,delete,0,https://www.googleapis.com/compute/v1/projects/manisha-suresh/zones/us-central1-a/operations/operation-1603500545873-5b260106f1613-548fb121-6a4a0a3b,https://www.googleapis.com/compute/v1/projects/manisha-suresh/zones/us-central1-a/operations/8730918248574272749,2020-10-23T17:49:06.179-07:00,RUNNING,7.79219E+18,https://www.googleapis.com/compute/v1/projects/manisha-suresh/zones/us-central1-a/instances/map-reduce4,mapreducesystem@manisha-suresh.iam.gserviceaccount.com,https://www.googleapis.com/compute/v1/projects/manisha-suresh/zones/us-central1-a,compute.googleapis.com,2020-10-24T00:49:06.803662135Z,7.79219E+18,manisha-suresh,us-central1-a,gce_instance,NOTICE,2020-10-24T00:49:05.918866Z
#NAME?,projects/manisha-suresh/logs/cloudaudit.googleapis.com%2Factivity,TRUE,operation-1603500545368-5b2601067614b-ab6a4d7e-30a0ce4c,,compute.googleapis.com,mapreducesystem@manisha-suresh.iam.gserviceaccount.com,//iam.googleapis.com/projects/manisha-suresh/serviceAccounts/mapreducesystem@manisha-suresh.iam.gserviceaccount.com/keys/400bdc514e9747f98c897caf2f8615d4074f5011,TRUE,compute.instances.delete,projects/manisha-suresh/zones/us-central1-a/instances/map-reduce3,compute,compute.instances,v1.compute.instances.delete,type.googleapis.com/compute.instances.delete,,,,,,34.72.158.1,//compute.googleapis.com/projects/manisha-suresh/global/networks/__unknown__,"(gzip),gzip(gfe)",[object Object],[object Object],,2020-10-24T00:49:05.855147Z,us-central1-a,projects/manisha-suresh/zones/us-central1-a/instances/map-reduce3,type.googleapis.com/operation,7.00787E+18,2020-10-23T17:49:05.747-07:00,operation-1603500545368-5b2601067614b-ab6a4d7e-30a0ce4c,delete,0,https://www.googleapis.com/compute/v1/projects/manisha-suresh/zones/us-central1-a/operations/operation-1603500545368-5b2601067614b-ab6a4d7e-30a0ce4c,https://www.googleapis.com/compute/v1/projects/manisha-suresh/zones/us-central1-a/operations/7007867155710395630,2020-10-23T17:49:05.756-07:00,RUNNING,7.38901E+18,https://www.googleapis.com/compute/v1/projects/manisha-suresh/zones/us-central1-a/instances/map-reduce3,mapreducesystem@manisha-suresh.iam.gserviceaccount.com,https://www.googleapis.com/compute/v1/projects/manisha-suresh/zones/us-central1-a,compute.googleapis.com,2020-10-24T00:49:06.765781513Z,7.38901E+18,manisha-suresh,us-central1-a,gce_instance,NOTICE,2020-10-24T00:49:05.410761Z
bxk212e1s34y,projects/manisha-suresh/logs/cloudaudit.googleapis.com%2Factivity,TRUE,operation-1603500544826-5b260105f1d48-d4b632ea-604776a3,,compute.googleapis.com,mapreducesystem@manisha-suresh.iam.gserviceaccount.com,//iam.googleapis.com/projects/manisha-suresh/serviceAccounts/mapreducesystem@manisha-suresh.iam.gserviceaccount.com/keys/400bdc514e9747f98c897caf2f8615d4074f5011,TRUE,compute.instances.delete,projects/manisha-suresh/zones/us-central1-a/instances/map-reduce2,compute,compute.instances,v1.compute.instances.delete,type.googleapis.com/compute.instances.delete,,,,,,34.72.158.1,//compute.googleapis.com/projects/manisha-suresh/global/networks/__unknown__,"(gzip),gzip(gfe)",[object Object],[object Object],,2020-10-24T00:49:05.348080Z,us-central1-a,projects/manisha-suresh/zones/us-central1-a/instances/map-reduce2,type.googleapis.com/operation,7.6934E+17,2020-10-23T17:49:05.166-07:00,operation-1603500544826-5b260105f1d48-d4b632ea-604776a3,delete,0,https://www.googleapis.com/compute/v1/projects/manisha-suresh/zones/us-central1-a/operations/operation-1603500544826-5b260105f1d48-d4b632ea-604776a3,https://www.googleapis.com/compute/v1/projects/manisha-suresh/zones/us-central1-a/operations/769339897419842798,2020-10-23T17:49:05.177-07:00,RUNNING,6.33904E+18,https://www.googleapis.com/compute/v1/projects/manisha-suresh/zones/us-central1-a/instances/map-reduce2,mapreducesystem@manisha-suresh.iam.gserviceaccount.com,https://www.googleapis.com/compute/v1/projects/manisha-suresh/zones/us-central1-a,compute.googleapis.com,2020-10-24T00:49:05.806826738Z,6.33904E+18,manisha-suresh,us-central1-a,gce_instance,NOTICE,2020-10-24T00:49:04.873304Z
d1mc0ge1bek0,projects/manisha-suresh/logs/cloudaudit.googleapis.com%2Factivity,TRUE,operation-1603500544194-5b26010557886-7e0352f5-16d1170a,,compute.googleapis.com,mapreducesystem@manisha-suresh.iam.gserviceaccount.com,//iam.googleapis.com/projects/manisha-suresh/serviceAccounts/mapreducesystem@manisha-suresh.iam.gserviceaccount.com/keys/400bdc514e9747f98c897caf2f8615d4074f5011,TRUE,compute.instances.delete,projects/manisha-suresh/zones/us-central1-a/instances/map-reduce1,compute,compute.instances,v1.compute.instances.delete,type.googleapis.com/compute.instances.delete,,,,,,34.72.158.1,//compute.googleapis.com/projects/manisha-suresh/global/networks/__unknown__,"(gzip),gzip(gfe)",[object Object],[object Object],,2020-10-24T00:49:04.802144Z,us-central1-a,projects/manisha-suresh/zones/us-central1-a/instances/map-reduce1,type.googleapis.com/operation,6.67858E+18,2020-10-23T17:49:04.678-07:00,operation-1603500544194-5b26010557886-7e0352f5-16d1170a,delete,0,https://www.googleapis.com/compute/v1/projects/manisha-suresh/zones/us-central1-a/operations/operation-1603500544194-5b26010557886-7e0352f5-16d1170a,https://www.googleapis.com/compute/v1/projects/manisha-suresh/zones/us-central1-a/operations/6678583343249802479,2020-10-23T17:49:04.692-07:00,RUNNING,2.46433E+18,https://www.googleapis.com/compute/v1/projects/manisha-suresh/zones/us-central1-a/instances/map-reduce1,mapreducesystem@manisha-suresh.iam.gserviceaccount.com,https://www.googleapis.com/compute/v1/projects/manisha-suresh/zones/us-central1-a,compute.googleapis.com,2020-10-24T00:49:05.671581868Z,2.46433E+18,manisha-suresh,us-central1-a,gce_instance,NOTICE,2020-10-24T00:49:04.245429Z
6e5bm4dduw4,projects/manisha-suresh/logs/cloudaudit.googleapis.com%2Factivity,,operation-1603500454852-5b2600b02363d-33c5ebcc-c8a007cd,TRUE,compute.googleapis.com,mapreducesystem@manisha-suresh.iam.gserviceaccount.com,,,,,,,v1.compute.instances.insert,type.googleapis.com/compute.instances.insert,,,,,,34.72.158.1,//compute.googleapis.com/projects/manisha-suresh/global/networks/__unknown__,"(gzip),gzip(gfe)",[object Object],,,,,projects/manisha-suresh/zones/us-central1-a/instances/map-reduce4,,,,,,,,,,,,,,,compute.googleapis.com,2020-10-24T00:47:58.202060877Z,7.79219E+18,manisha-suresh,us-central1-a,gce_instance,NOTICE,2020-10-24T00:47:57.695790Z
dloz4ld5uo0,projects/manisha-suresh/logs/cloudaudit.googleapis.com%2Factivity,,operation-1603500452450-5b2600add9248-14974d4c-61db87db,TRUE,compute.googleapis.com,mapreducesystem@manisha-suresh.iam.gserviceaccount.com,,,,,,,v1.compute.instances.insert,type.googleapis.com/compute.instances.insert,,,,,,34.72.158.1,//compute.googleapis.com/projects/manisha-suresh/global/networks/__unknown__,"(gzip),gzip(gfe)",[object Object],,,,,projects/manisha-suresh/zones/us-central1-a/instances/map-reduce2,,,,,,,,,,,,,,,compute.googleapis.com,2020-10-24T00:47:55.588978595Z,6.33904E+18,manisha-suresh,us-central1-a,gce_instance,NOTICE,2020-10-24T00:47:54.931963Z
#NAME?,projects/manisha-suresh/logs/cloudaudit.googleapis.com%2Factivity,,operation-1603500451120-5b2600ac943ec-e8d3ce41-8038a42d,TRUE,compute.googleapis.com,mapreducesystem@manisha-suresh.iam.gserviceaccount.com,,,,,,,v1.compute.instances.insert,type.googleapis.com/compute.instances.insert,,,,,,34.72.158.1,//compute.googleapis.com/projects/manisha-suresh/global/networks/__unknown__,"(gzip),gzip(gfe)",[object Object],,,,,projects/manisha-suresh/zones/us-central1-a/instances/map-reduce1,,,,,,,,,,,,,,,compute.googleapis.com,2020-10-24T00:47:54.927063861Z,2.46433E+18,manisha-suresh,us-central1-a,gce_instance,NOTICE,2020-10-24T00:47:54.176674Z
-4fpvd3ddzum,projects/manisha-suresh/logs/cloudaudit.googleapis.com%2Factivity,,operation-1603500453732-5b2600af12096-b90cc339-3b8774f3,TRUE,compute.googleapis.com,mapreducesystem@manisha-suresh.iam.gserviceaccount.com,,,,,,,v1.compute.instances.insert,type.googleapis.com/compute.instances.insert,,,,,,34.72.158.1,//compute.googleapis.com/projects/manisha-suresh/global/networks/__unknown__,"(gzip),gzip(gfe)",[object Object],,,,,projects/manisha-suresh/zones/us-central1-a/instances/map-reduce3,,,,,,,,,,,,,,,compute.googleapis.com,2020-10-24T00:47:54.013795465Z,7.38901E+18,manisha-suresh,us-central1-a,gce_instance,NOTICE,2020-10-24T00:47:52.922841Z
t5culpe1s8wo,projects/manisha-suresh/logs/cloudaudit.googleapis.com%2Factivity,TRUE,operation-1603500454852-5b2600b02363d-33c5ebcc-c8a007cd,,compute.googleapis.com,mapreducesystem@manisha-suresh.iam.gserviceaccount.com,//iam.googleapis.com/projects/manisha-suresh/serviceAccounts/mapreducesystem@manisha-suresh.iam.gserviceaccount.com/keys/400bdc514e9747f98c897caf2f8615d4074f5011,"true,true,true,true,true,true","compute.instances.create,compute.disks.create,compute.subnetworks.use,compute.subnetworks.useExternalIp,compute.instances.setMetadata,compute.instances.setServiceAccount","projects/manisha-suresh/zones/us-central1-a/instances/map-reduce4,projects/manisha-suresh/zones/us-central1-a/disks/map-reduce4,projects/manisha-suresh/regions/us-central1/subnetworks/default,projects/manisha-suresh/regions/us-central1/subnetworks/default,projects/manisha-suresh/zones/us-central1-a/instances/map-reduce4,projects/manisha-suresh/zones/us-central1-a/instances/map-reduce4","compute,compute,compute,compute,compute,compute","compute.instances,compute.disks,compute.subnetworks,compute.subnetworks,compute.instances,compute.instances",v1.compute.instances.insert,type.googleapis.com/compute.instances.insert,[object Object],projects/manisha-suresh/zones/us-central1-a/machineTypes/e2-medium,map-reduce4,[object Object],[object Object],34.72.158.1,//compute.googleapis.com/projects/manisha-suresh/global/networks/__unknown__,"(gzip),gzip(gfe)",[object Object],[object Object],,2020-10-24T00:47:35.912409Z,us-central1-a,projects/manisha-suresh/zones/us-central1-a/instances/map-reduce4,type.googleapis.com/operation,9.09184E+18,2020-10-23T17:47:35.719-07:00,operation-1603500454852-5b2600b02363d-33c5ebcc-c8a007cd,insert,0,https://www.googleapis.com/compute/v1/projects/manisha-suresh/zones/us-central1-a/operations/operation-1603500454852-5b2600b02363d-33c5ebcc-c8a007cd,https://www.googleapis.com/compute/v1/projects/manisha-suresh/zones/us-central1-a/operations/9091837003430807368,2020-10-23T17:47:35.721-07:00,RUNNING,7.79219E+18,https://www.googleapis.com/compute/v1/projects/manisha-suresh/zones/us-central1-a/instances/map-reduce4,mapreducesystem@manisha-suresh.iam.gserviceaccount.com,https://www.googleapis.com/compute/v1/projects/manisha-suresh/zones/us-central1-a,compute.googleapis.com,2020-10-24T00:47:36.713567123Z,7.79219E+18,manisha-suresh,us-central1-a,gce_instance,NOTICE,2020-10-24T00:47:34.890272Z
#NAME?,projects/manisha-suresh/logs/cloudaudit.googleapis.com%2Factivity,TRUE,operation-1603500453732-5b2600af12096-b90cc339-3b8774f3,,compute.googleapis.com,mapreducesystem@manisha-suresh.iam.gserviceaccount.com,//iam.googleapis.com/projects/manisha-suresh/serviceAccounts/mapreducesystem@manisha-suresh.iam.gserviceaccount.com/keys/400bdc514e9747f98c897caf2f8615d4074f5011,"true,true,true,true,true,true","compute.instances.create,compute.disks.create,compute.subnetworks.use,compute.subnetworks.useExternalIp,compute.instances.setMetadata,compute.instances.setServiceAccount","projects/manisha-suresh/zones/us-central1-a/instances/map-reduce3,projects/manisha-suresh/zones/us-central1-a/disks/map-reduce3,projects/manisha-suresh/regions/us-central1/subnetworks/default,projects/manisha-suresh/regions/us-central1/subnetworks/default,projects/manisha-suresh/zones/us-central1-a/instances/map-reduce3,projects/manisha-suresh/zones/us-central1-a/instances/map-reduce3","compute,compute,compute,compute,compute,compute","compute.instances,compute.disks,compute.subnetworks,compute.subnetworks,compute.instances,compute.instances",v1.compute.instances.insert,type.googleapis.com/compute.instances.insert,[object Object],projects/manisha-suresh/zones/us-central1-a/machineTypes/e2-medium,map-reduce3,[object Object],[object Object],34.72.158.1,//compute.googleapis.com/projects/manisha-suresh/global/networks/__unknown__,"(gzip),gzip(gfe)",[object Object],[object Object],,2020-10-24T00:47:34.833523Z,us-central1-a,projects/manisha-suresh/zones/us-central1-a/instances/map-reduce3,type.googleapis.com/operation,8.63133E+18,2020-10-23T17:47:34.667-07:00,operation-1603500453732-5b2600af12096-b90cc339-3b8774f3,insert,0,https://www.googleapis.com/compute/v1/projects/manisha-suresh/zones/us-central1-a/operations/operation-1603500453732-5b2600af12096-b90cc339-3b8774f3,https://www.googleapis.com/compute/v1/projects/manisha-suresh/zones/us-central1-a/operations/8631333062380013385,2020-10-23T17:47:34.669-07:00,RUNNING,7.38901E+18,https://www.googleapis.com/compute/v1/projects/manisha-suresh/zones/us-central1-a/instances/map-reduce3,mapreducesystem@manisha-suresh.iam.gserviceaccount.com,https://www.googleapis.com/compute/v1/projects/manisha-suresh/zones/us-central1-a,compute.googleapis.com,2020-10-24T00:47:35.266144009Z,7.38901E+18,manisha-suresh,us-central1-a,gce_instance,NOTICE,2020-10-24T00:47:33.772723Z
-9fcocae1dkcc,projects/manisha-suresh/logs/cloudaudit.googleapis.com%2Factivity,TRUE,operation-1603500452450-5b2600add9248-14974d4c-61db87db,,compute.googleapis.com,mapreducesystem@manisha-suresh.iam.gserviceaccount.com,//iam.googleapis.com/projects/manisha-suresh/serviceAccounts/mapreducesystem@manisha-suresh.iam.gserviceaccount.com/keys/400bdc514e9747f98c897caf2f8615d4074f5011,"true,true,true,true,true,true","compute.instances.create,compute.disks.create,compute.subnetworks.use,compute.subnetworks.useExternalIp,compute.instances.setMetadata,compute.instances.setServiceAccount","projects/manisha-suresh/zones/us-central1-a/instances/map-reduce2,projects/manisha-suresh/zones/us-central1-a/disks/map-reduce2,projects/manisha-suresh/regions/us-central1/subnetworks/default,projects/manisha-suresh/regions/us-central1/subnetworks/default,projects/manisha-suresh/zones/us-central1-a/instances/map-reduce2,projects/manisha-suresh/zones/us-central1-a/instances/map-reduce2","compute,compute,compute,compute,compute,compute","compute.instances,compute.disks,compute.subnetworks,compute.subnetworks,compute.instances,compute.instances",v1.compute.instances.insert,type.googleapis.com/compute.instances.insert,[object Object],projects/manisha-suresh/zones/us-central1-a/machineTypes/e2-medium,map-reduce2,[object Object],[object Object],34.72.158.1,//compute.googleapis.com/projects/manisha-suresh/global/networks/__unknown__,"(gzip),gzip(gfe)",[object Object],[object Object],,2020-10-24T00:47:33.718763Z,us-central1-a,projects/manisha-suresh/zones/us-central1-a/instances/map-reduce2,type.googleapis.com/operation,8.08953E+18,2020-10-23T17:47:33.496-07:00,operation-1603500452450-5b2600add9248-14974d4c-61db87db,insert,0,https://www.googleapis.com/compute/v1/projects/manisha-suresh/zones/us-central1-a/operations/operation-1603500452450-5b2600add9248-14974d4c-61db87db,https://www.googleapis.com/compute/v1/projects/manisha-suresh/zones/us-central1-a/operations/8089525493495154506,2020-10-23T17:47:33.501-07:00,RUNNING,6.33904E+18,https://www.googleapis.com/compute/v1/projects/manisha-suresh/zones/us-central1-a/instances/map-reduce2,mapreducesystem@manisha-suresh.iam.gserviceaccount.com,https://www.googleapis.com/compute/v1/projects/manisha-suresh/zones/us-central1-a,compute.googleapis.com,2020-10-24T00:47:34.154243946Z,6.33904E+18,manisha-suresh,us-central1-a,gce_instance,NOTICE,2020-10-24T00:47:32.506575Z
#NAME?,projects/manisha-suresh/logs/cloudaudit.googleapis.com%2Factivity,TRUE,operation-1603500451120-5b2600ac943ec-e8d3ce41-8038a42d,,compute.googleapis.com,mapreducesystem@manisha-suresh.iam.gserviceaccount.com,//iam.googleapis.com/projects/manisha-suresh/serviceAccounts/mapreducesystem@manisha-suresh.iam.gserviceaccount.com/keys/400bdc514e9747f98c897caf2f8615d4074f5011,"true,true,true,true,true,true","compute.instances.create,compute.disks.create,compute.subnetworks.use,compute.subnetworks.useExternalIp,compute.instances.setMetadata,compute.instances.setServiceAccount","projects/manisha-suresh/zones/us-central1-a/instances/map-reduce1,projects/manisha-suresh/zones/us-central1-a/disks/map-reduce1,projects/manisha-suresh/regions/us-central1/subnetworks/default,projects/manisha-suresh/regions/us-central1/subnetworks/default,projects/manisha-suresh/zones/us-central1-a/instances/map-reduce1,projects/manisha-suresh/zones/us-central1-a/instances/map-reduce1","compute,compute,compute,compute,compute,compute","compute.instances,compute.disks,compute.subnetworks,compute.subnetworks,compute.instances,compute.instances",v1.compute.instances.insert,type.googleapis.com/compute.instances.insert,[object Object],projects/manisha-suresh/zones/us-central1-a/machineTypes/e2-medium,map-reduce1,[object Object],[object Object],34.72.158.1,//compute.googleapis.com/projects/manisha-suresh/global/networks/__unknown__,"(gzip),gzip(gfe)",[object Object],[object Object],,2020-10-24T00:47:32.428886Z,us-central1-a,projects/manisha-suresh/zones/us-central1-a/instances/map-reduce1,type.googleapis.com/operation,7.12144E+18,2020-10-23T17:47:32.195-07:00,operation-1603500451120-5b2600ac943ec-e8d3ce41-8038a42d,insert,0,https://www.googleapis.com/compute/v1/projects/manisha-suresh/zones/us-central1-a/operations/operation-1603500451120-5b2600ac943ec-e8d3ce41-8038a42d,https://www.googleapis.com/compute/v1/projects/manisha-suresh/zones/us-central1-a/operations/7121436888564418379,2020-10-23T17:47:32.200-07:00,RUNNING,2.46433E+18,https://www.googleapis.com/compute/v1/projects/manisha-suresh/zones/us-central1-a/instances/map-reduce1,mapreducesystem@manisha-suresh.iam.gserviceaccount.com,https://www.googleapis.com/compute/v1/projects/manisha-suresh/zones/us-central1-a,compute.googleapis.com,2020-10-24T00:47:33.092205438Z,2.46433E+18,manisha-suresh,us-central1-a,gce_instance,NOTICE,2020-10-24T00:47:31.175975Z
-9pjn1dddfn4,projects/manisha-suresh/logs/cloudaudit.googleapis.com%2Factivity,,operation-1603499775777-5b25fe2885c1b-8e32f6bf-6805e9c2,TRUE,compute.googleapis.com,mapreducesystem@manisha-suresh.iam.gserviceaccount.com,,,,,,,v1.compute.instances.delete,type.googleapis.com/compute.instances.delete,,,,,,34.72.158.1,//compute.googleapis.com/projects/manisha-suresh/global/networks/__unknown__,"(gzip),gzip(gfe)",[object Object],,,,,projects/manisha-suresh/zones/us-central1-a/instances/map-reduce3,,,,,,,,,,,,,,,compute.googleapis.com,2020-10-24T00:36:53.322802674Z,5.3798E+18,manisha-suresh,us-central1-a,gce_instance,NOTICE,2020-10-24T00:36:52.713957Z
dlgtucdhofy,projects/manisha-suresh/logs/cloudaudit.googleapis.com%2Factivity,,operation-1603499776190-5b25fe28ea899-8e70e4e6-73025a23,TRUE,compute.googleapis.com,mapreducesystem@manisha-suresh.iam.gserviceaccount.com,,,,,,,v1.compute.instances.delete,type.googleapis.com/compute.instances.delete,,,,,,34.72.158.1,//compute.googleapis.com/projects/manisha-suresh/global/networks/__unknown__,"(gzip),gzip(gfe)",[object Object],,,,,projects/manisha-suresh/zones/us-central1-a/instances/map-reduce4,,,,,,,,,,,,,,,compute.googleapis.com,2020-10-24T00:36:51.944340336Z,2.63612E+18,manisha-suresh,us-central1-a,gce_instance,NOTICE,2020-10-24T00:36:51.573817Z
-9pjn1dddfmo,projects/manisha-suresh/logs/cloudaudit.googleapis.com%2Factivity,,operation-1603499774904-5b25fe27b09e9-dfe473d8-f1bd3ac3,TRUE,compute.googleapis.com,mapreducesystem@manisha-suresh.iam.gserviceaccount.com,,,,,,,v1.compute.instances.delete,type.googleapis.com/compute.instances.delete,,,,,,34.72.158.1,//compute.googleapis.com/projects/manisha-suresh/global/networks/__unknown__,"(gzip),gzip(gfe)",[object Object],,,,,projects/manisha-suresh/zones/us-central1-a/instances/map-reduce1,,,,,,,,,,,,,,,compute.googleapis.com,2020-10-24T00:36:49.321870877Z,2.26081E+18,manisha-suresh,us-central1-a,gce_instance,NOTICE,2020-10-24T00:36:48.992071Z
qncoepdda56,projects/manisha-suresh/logs/cloudaudit.googleapis.com%2Factivity,,operation-1603499775392-5b25fe28279da-f4e3ed3c-43144c32,TRUE,compute.googleapis.com,mapreducesystem@manisha-suresh.iam.gserviceaccount.com,,,,,,,v1.compute.instances.delete,type.googleapis.com/compute.instances.delete,,,,,,34.72.158.1,//compute.googleapis.com/projects/manisha-suresh/global/networks/__unknown__,"(gzip),gzip(gfe)",[object Object],,,,,projects/manisha-suresh/zones/us-central1-a/instances/map-reduce2,,,,,,,,,,,,,,,compute.googleapis.com,2020-10-24T00:36:44.498235295Z,2.44993E+18,manisha-suresh,us-central1-a,gce_instance,NOTICE,2020-10-24T00:36:43.614721Z
mrfrwqe16sss,projects/manisha-suresh/logs/cloudaudit.googleapis.com%2Factivity,TRUE,operation-1603499776190-5b25fe28ea899-8e70e4e6-73025a23,,compute.googleapis.com,mapreducesystem@manisha-suresh.iam.gserviceaccount.com,//iam.googleapis.com/projects/manisha-suresh/serviceAccounts/mapreducesystem@manisha-suresh.iam.gserviceaccount.com/keys/400bdc514e9747f98c897caf2f8615d4074f5011,TRUE,compute.instances.delete,projects/manisha-suresh/zones/us-central1-a/instances/map-reduce4,compute,compute.instances,v1.compute.instances.delete,type.googleapis.com/compute.instances.delete,,,,,,34.72.158.1,//compute.googleapis.com/projects/manisha-suresh/global/networks/__unknown__,"(gzip),gzip(gfe)",[object Object],[object Object],,2020-10-24T00:36:16.601236Z,us-central1-a,projects/manisha-suresh/zones/us-central1-a/instances/map-reduce4,type.googleapis.com/operation,2.05564E+18,2020-10-23T17:36:16.476-07:00,operation-1603499776190-5b25fe28ea899-8e70e4e6-73025a23,delete,0,https://www.googleapis.com/compute/v1/projects/manisha-suresh/zones/us-central1-a/operations/operation-1603499776190-5b25fe28ea899-8e70e4e6-73025a23,https://www.googleapis.com/compute/v1/projects/manisha-suresh/zones/us-central1-a/operations/2055638037991180783,2020-10-23T17:36:16.490-07:00,RUNNING,2.63612E+18,https://www.googleapis.com/compute/v1/projects/manisha-suresh/zones/us-central1-a/instances/map-reduce4,mapreducesystem@manisha-suresh.iam.gserviceaccount.com,https://www.googleapis.com/compute/v1/projects/manisha-suresh/zones/us-central1-a,compute.googleapis.com,2020-10-24T00:36:17.442761744Z,2.63612E+18,manisha-suresh,us-central1-a,gce_instance,NOTICE,2020-10-24T00:36:16.237337Z
-77e5v2e1r3h2,projects/manisha-suresh/logs/cloudaudit.googleapis.com%2Factivity,TRUE,operation-1603499775777-5b25fe2885c1b-8e32f6bf-6805e9c2,,compute.googleapis.com,mapreducesystem@manisha-suresh.iam.gserviceaccount.com,//iam.googleapis.com/projects/manisha-suresh/serviceAccounts/mapreducesystem@manisha-suresh.iam.gserviceaccount.com/keys/400bdc514e9747f98c897caf2f8615d4074f5011,TRUE,compute.instances.delete,projects/manisha-suresh/zones/us-central1-a/instances/map-reduce3,compute,compute.instances,v1.compute.instances.delete,type.googleapis.com/compute.instances.delete,,,,,,34.72.158.1,//compute.googleapis.com/projects/manisha-suresh/global/networks/__unknown__,"(gzip),gzip(gfe)",[object Object],[object Object],,2020-10-24T00:36:16.175937Z,us-central1-a,projects/manisha-suresh/zones/us-central1-a/instances/map-reduce3,type.googleapis.com/operation,1.56338E+17,2020-10-23T17:36:16.050-07:00,operation-1603499775777-5b25fe2885c1b-8e32f6bf-6805e9c2,delete,0,https://www.googleapis.com/compute/v1/projects/manisha-suresh/zones/us-central1-a/operations/operation-1603499775777-5b25fe2885c1b-8e32f6bf-6805e9c2,https://www.googleapis.com/compute/v1/projects/manisha-suresh/zones/us-central1-a/operations/156338246261852655,2020-10-23T17:36:16.060-07:00,RUNNING,5.3798E+18,https://www.googleapis.com/compute/v1/projects/manisha-suresh/zones/us-central1-a/instances/map-reduce3,mapreducesystem@manisha-suresh.iam.gserviceaccount.com,https://www.googleapis.com/compute/v1/projects/manisha-suresh/zones/us-central1-a,compute.googleapis.com,2020-10-24T00:36:16.790371750Z,5.3798E+18,manisha-suresh,us-central1-a,gce_instance,NOTICE,2020-10-24T00:36:15.815202Z
-9oztb1e1pm32,projects/manisha-suresh/logs/cloudaudit.googleapis.com%2Factivity,TRUE,operation-1603499775392-5b25fe28279da-f4e3ed3c-43144c32,,compute.googleapis.com,mapreducesystem@manisha-suresh.iam.gserviceaccount.com,//iam.googleapis.com/projects/manisha-suresh/serviceAccounts/mapreducesystem@manisha-suresh.iam.gserviceaccount.com/keys/400bdc514e9747f98c897caf2f8615d4074f5011,TRUE,compute.instances.delete,projects/manisha-suresh/zones/us-central1-a/instances/map-reduce2,compute,compute.instances,v1.compute.instances.delete,type.googleapis.com/compute.instances.delete,,,,,,34.72.158.1,//compute.googleapis.com/projects/manisha-suresh/global/networks/__unknown__,"(gzip),gzip(gfe)",[object Object],[object Object],,2020-10-24T00:36:15.763489Z,us-central1-a,projects/manisha-suresh/zones/us-central1-a/instances/map-reduce2,type.googleapis.com/operation,8.84304E+18,2020-10-23T17:36:15.653-07:00,operation-1603499775392-5b25fe28279da-f4e3ed3c-43144c32,delete,0,https://www.googleapis.com/compute/v1/projects/manisha-suresh/zones/us-central1-a/operations/operation-1603499775392-5b25fe28279da-f4e3ed3c-43144c32,https://www.googleapis.com/compute/v1/projects/manisha-suresh/zones/us-central1-a/operations/8843036570245056528,2020-10-23T17:36:15.663-07:00,RUNNING,2.44993E+18,https://www.googleapis.com/compute/v1/projects/manisha-suresh/zones/us-central1-a/instances/map-reduce2,mapreducesystem@manisha-suresh.iam.gserviceaccount.com,https://www.googleapis.com/compute/v1/projects/manisha-suresh/zones/us-central1-a,compute.googleapis.com,2020-10-24T00:36:16.049438333Z,2.44993E+18,manisha-suresh,us-central1-a,gce_instance,NOTICE,2020-10-24T00:36:15.441607Z
#NAME?,projects/manisha-suresh/logs/cloudaudit.googleapis.com%2Factivity,TRUE,operation-1603499774904-5b25fe27b09e9-dfe473d8-f1bd3ac3,,compute.googleapis.com,mapreducesystem@manisha-suresh.iam.gserviceaccount.com,//iam.googleapis.com/projects/manisha-suresh/serviceAccounts/mapreducesystem@manisha-suresh.iam.gserviceaccount.com/keys/400bdc514e9747f98c897caf2f8615d4074f5011,TRUE,compute.instances.delete,projects/manisha-suresh/zones/us-central1-a/instances/map-reduce1,compute,compute.instances,v1.compute.instances.delete,type.googleapis.com/compute.instances.delete,,,,,,34.72.158.1,//compute.googleapis.com/projects/manisha-suresh/global/networks/__unknown__,"(gzip),gzip(gfe)",[object Object],[object Object],,2020-10-24T00:36:15.369433Z,us-central1-a,projects/manisha-suresh/zones/us-central1-a/instances/map-reduce1,type.googleapis.com/operation,8.81484E+17,2020-10-23T17:36:15.256-07:00,operation-1603499774904-5b25fe27b09e9-dfe473d8-f1bd3ac3,delete,0,https://www.googleapis.com/compute/v1/projects/manisha-suresh/zones/us-central1-a/operations/operation-1603499774904-5b25fe27b09e9-dfe473d8-f1bd3ac3,https://www.googleapis.com/compute/v1/projects/manisha-suresh/zones/us-central1-a/operations/881484096268584976,2020-10-23T17:36:15.267-07:00,RUNNING,2.26081E+18,https://www.googleapis.com/compute/v1/projects/manisha-suresh/zones/us-central1-a/instances/map-reduce1,mapreducesystem@manisha-suresh.iam.gserviceaccount.com,https://www.googleapis.com/compute/v1/projects/manisha-suresh/zones/us-central1-a,compute.googleapis.com,2020-10-24T00:36:16.337214160Z,2.26081E+18,manisha-suresh,us-central1-a,gce_instance,NOTICE,2020-10-24T00:36:14.943726Z
s1c8y1d1sye,projects/manisha-suresh/logs/cloudaudit.googleapis.com%2Factivity,,operation-1603499547273-5b25fd4e9a85e-e6d6cc7e-d6af690e,TRUE,compute.googleapis.com,mapreducesystem@manisha-suresh.iam.gserviceaccount.com,,,,,,,v1.compute.instances.insert,type.googleapis.com/compute.instances.insert,,,,,,34.72.158.1,//compute.googleapis.com/projects/manisha-suresh/global/networks/__unknown__,"(gzip),gzip(gfe)",[object Object],,,,,projects/manisha-suresh/zones/us-central1-a/instances/map-reduce2,,,,,,,,,,,,,,,compute.googleapis.com,2020-10-24T00:34:45.451913837Z,2.44993E+18,manisha-suresh,us-central1-a,gce_instance,NOTICE,2020-10-24T00:34:44.694138Z
wh7nyqdhhkc,projects/manisha-suresh/logs/cloudaudit.googleapis.com%2Factivity,,operation-1603499549779-5b25fd50fe50f-75bd58f0-dd0dc9a5,TRUE,compute.googleapis.com,mapreducesystem@manisha-suresh.iam.gserviceaccount.com,,,,,,,v1.compute.instances.insert,type.googleapis.com/compute.instances.insert,,,,,,34.72.158.1,//compute.googleapis.com/projects/manisha-suresh/global/networks/__unknown__,"(gzip),gzip(gfe)",[object Object],,,,,projects/manisha-suresh/zones/us-central1-a/instances/map-reduce4,,,,,,,,,,,,,,,compute.googleapis.com,2020-10-24T00:34:45.232068461Z,2.63612E+18,manisha-suresh,us-central1-a,gce_instance,NOTICE,2020-10-24T00:34:44.421995Z
ujbi9ndgm5c,projects/manisha-suresh/logs/cloudaudit.googleapis.com%2Factivity,,operation-1603499546241-5b25fd4d9e87a-4128c415-ec0e5206,TRUE,compute.googleapis.com,mapreducesystem@manisha-suresh.iam.gserviceaccount.com,,,,,,,v1.compute.instances.insert,type.googleapis.com/compute.instances.insert,,,,,,34.72.158.1,//compute.googleapis.com/projects/manisha-suresh/global/networks/__unknown__,"(gzip),gzip(gfe)",[object Object],,,,,projects/manisha-suresh/zones/us-central1-a/instances/map-reduce1,,,,,,,,,,,,,,,compute.googleapis.com,2020-10-24T00:33:30.178244981Z,2.26081E+18,manisha-suresh,us-central1-a,gce_instance,NOTICE,2020-10-24T00:33:29.908254Z
-9f566ld9z2w,projects/manisha-suresh/logs/cloudaudit.googleapis.com%2Factivity,,operation-1603499548496-5b25fd4fc5439-55918204-9758eb14,TRUE,compute.googleapis.com,mapreducesystem@manisha-suresh.iam.gserviceaccount.com,,,,,,,v1.compute.instances.insert,type.googleapis.com/compute.instances.insert,,,,,,34.72.158.1,//compute.googleapis.com/projects/manisha-suresh/global/networks/__unknown__,"(gzip),gzip(gfe)",[object Object],,,,,projects/manisha-suresh/zones/us-central1-a/instances/map-reduce3,,,,,,,,,,,,,,,compute.googleapis.com,2020-10-24T00:32:51.658919905Z,5.3798E+18,manisha-suresh,us-central1-a,gce_instance,NOTICE,2020-10-24T00:32:50.787151Z
ilbs15e1xgva,projects/manisha-suresh/logs/cloudaudit.googleapis.com%2Factivity,TRUE,operation-1603499549779-5b25fd50fe50f-75bd58f0-dd0dc9a5,,compute.googleapis.com,mapreducesystem@manisha-suresh.iam.gserviceaccount.com,//iam.googleapis.com/projects/manisha-suresh/serviceAccounts/mapreducesystem@manisha-suresh.iam.gserviceaccount.com/keys/400bdc514e9747f98c897caf2f8615d4074f5011,"true,true,true,true,true,true","compute.instances.create,compute.disks.create,compute.subnetworks.use,compute.subnetworks.useExternalIp,compute.instances.setMetadata,compute.instances.setServiceAccount","projects/manisha-suresh/zones/us-central1-a/instances/map-reduce4,projects/manisha-suresh/zones/us-central1-a/disks/map-reduce4,projects/manisha-suresh/regions/us-central1/subnetworks/default,projects/manisha-suresh/regions/us-central1/subnetworks/default,projects/manisha-suresh/zones/us-central1-a/instances/map-reduce4,projects/manisha-suresh/zones/us-central1-a/instances/map-reduce4","compute,compute,compute,compute,compute,compute","compute.instances,compute.disks,compute.subnetworks,compute.subnetworks,compute.instances,compute.instances",v1.compute.instances.insert,type.googleapis.com/compute.instances.insert,[object Object],projects/manisha-suresh/zones/us-central1-a/machineTypes/e2-medium,map-reduce4,[object Object],[object Object],34.72.158.1,//compute.googleapis.com/projects/manisha-suresh/global/networks/__unknown__,"(gzip),gzip(gfe)",[object Object],[object Object],,2020-10-24T00:32:30.750012Z,us-central1-a,projects/manisha-suresh/zones/us-central1-a/instances/map-reduce4,type.googleapis.com/operation,6.28027E+17,2020-10-23T17:32:30.558-07:00,operation-1603499549779-5b25fd50fe50f-75bd58f0-dd0dc9a5,insert,0,https://www.googleapis.com/compute/v1/projects/manisha-suresh/zones/us-central1-a/operations/operation-1603499549779-5b25fd50fe50f-75bd58f0-dd0dc9a5,https://www.googleapis.com/compute/v1/projects/manisha-suresh/zones/us-central1-a/operations/628027300058679537,2020-10-23T17:32:30.560-07:00,RUNNING,2.63612E+18,https://www.googleapis.com/compute/v1/projects/manisha-suresh/zones/us-central1-a/instances/map-reduce4,mapreducesystem@manisha-suresh.iam.gserviceaccount.com,https://www.googleapis.com/compute/v1/projects/manisha-suresh/zones/us-central1-a,compute.googleapis.com,2020-10-24T00:32:31.655797074Z,2.63612E+18,manisha-suresh,us-central1-a,gce_instance,NOTICE,2020-10-24T00:32:29.836488Z
kbcbve15toc,projects/manisha-suresh/logs/cloudaudit.googleapis.com%2Factivity,TRUE,operation-1603499548496-5b25fd4fc5439-55918204-9758eb14,,compute.googleapis.com,mapreducesystem@manisha-suresh.iam.gserviceaccount.com,//iam.googleapis.com/projects/manisha-suresh/serviceAccounts/mapreducesystem@manisha-suresh.iam.gserviceaccount.com/keys/400bdc514e9747f98c897caf2f8615d4074f5011,"true,true,true,true,true,true","compute.instances.create,compute.disks.create,compute.subnetworks.use,compute.subnetworks.useExternalIp,compute.instances.setMetadata,compute.instances.setServiceAccount","projects/manisha-suresh/zones/us-central1-a/instances/map-reduce3,projects/manisha-suresh/zones/us-central1-a/disks/map-reduce3,projects/manisha-suresh/regions/us-central1/subnetworks/default,projects/manisha-suresh/regions/us-central1/subnetworks/default,projects/manisha-suresh/zones/us-central1-a/instances/map-reduce3,projects/manisha-suresh/zones/us-central1-a/instances/map-reduce3","compute,compute,compute,compute,compute,compute","compute.instances,compute.disks,compute.subnetworks,compute.subnetworks,compute.instances,compute.instances",v1.compute.instances.insert,type.googleapis.com/compute.instances.insert,[object Object],projects/manisha-suresh/zones/us-central1-a/machineTypes/e2-medium,map-reduce3,[object Object],[object Object],34.72.158.1,//compute.googleapis.com/projects/manisha-suresh/global/networks/__unknown__,"(gzip),gzip(gfe)",[object Object],[object Object],,2020-10-24T00:32:29.749984Z,us-central1-a,projects/manisha-suresh/zones/us-central1-a/instances/map-reduce3,type.googleapis.com/operation,8.2942E+18,2020-10-23T17:32:29.574-07:00,operation-1603499548496-5b25fd4fc5439-55918204-9758eb14,insert,0,https://www.googleapis.com/compute/v1/projects/manisha-suresh/zones/us-central1-a/operations/operation-1603499548496-5b25fd4fc5439-55918204-9758eb14,https://www.googleapis.com/compute/v1/projects/manisha-suresh/zones/us-central1-a/operations/8294195644520646898,2020-10-23T17:32:29.578-07:00,RUNNING,5.3798E+18,https://www.googleapis.com/compute/v1/projects/manisha-suresh/zones/us-central1-a/instances/map-reduce3,mapreducesystem@manisha-suresh.iam.gserviceaccount.com,https://www.googleapis.com/compute/v1/projects/manisha-suresh/zones/us-central1-a,compute.googleapis.com,2020-10-24T00:32:29.773607475Z,5.3798E+18,manisha-suresh,us-central1-a,gce_instance,NOTICE,2020-10-24T00:32:28.539054Z
#NAME?,projects/manisha-suresh/logs/cloudaudit.googleapis.com%2Factivity,TRUE,operation-1603499547273-5b25fd4e9a85e-e6d6cc7e-d6af690e,,compute.googleapis.com,mapreducesystem@manisha-suresh.iam.gserviceaccount.com,//iam.googleapis.com/projects/manisha-suresh/serviceAccounts/mapreducesystem@manisha-suresh.iam.gserviceaccount.com/keys/400bdc514e9747f98c897caf2f8615d4074f5011,"true,true,true,true,true,true","compute.instances.create,compute.disks.create,compute.subnetworks.use,compute.subnetworks.useExternalIp,compute.instances.setMetadata,compute.instances.setServiceAccount","projects/manisha-suresh/zones/us-central1-a/instances/map-reduce2,projects/manisha-suresh/zones/us-central1-a/disks/map-reduce2,projects/manisha-suresh/regions/us-central1/subnetworks/default,projects/manisha-suresh/regions/us-central1/subnetworks/default,projects/manisha-suresh/zones/us-central1-a/instances/map-reduce2,projects/manisha-suresh/zones/us-central1-a/instances/map-reduce2","compute,compute,compute,compute,compute,compute","compute.instances,compute.disks,compute.subnetworks,compute.subnetworks,compute.instances,compute.instances",v1.compute.instances.insert,type.googleapis.com/compute.instances.insert,[object Object],projects/manisha-suresh/zones/us-central1-a/machineTypes/e2-medium,map-reduce2,[object Object],[object Object],34.72.158.1,//compute.googleapis.com/projects/manisha-suresh/global/networks/__unknown__,"(gzip),gzip(gfe)",[object Object],[object Object],,2020-10-24T00:32:28.476354Z,us-central1-a,projects/manisha-suresh/zones/us-central1-a/instances/map-reduce2,type.googleapis.com/operation,8.37622E+18,2020-10-23T17:32:28.287-07:00,operation-1603499547273-5b25fd4e9a85e-e6d6cc7e-d6af690e,insert,0,https://www.googleapis.com/compute/v1/projects/manisha-suresh/zones/us-central1-a/operations/operation-1603499547273-5b25fd4e9a85e-e6d6cc7e-d6af690e,https://www.googleapis.com/compute/v1/projects/manisha-suresh/zones/us-central1-a/operations/8376215325007333619,2020-10-23T17:32:28.289-07:00,RUNNING,2.44993E+18,https://www.googleapis.com/compute/v1/projects/manisha-suresh/zones/us-central1-a/instances/map-reduce2,mapreducesystem@manisha-suresh.iam.gserviceaccount.com,https://www.googleapis.com/compute/v1/projects/manisha-suresh/zones/us-central1-a,compute.googleapis.com,2020-10-24T00:32:29.230781384Z,2.44993E+18,manisha-suresh,us-central1-a,gce_instance,NOTICE,2020-10-24T00:32:27.317427Z
toy04pe1qlfg,projects/manisha-suresh/logs/cloudaudit.googleapis.com%2Factivity,TRUE,operation-1603499546241-5b25fd4d9e87a-4128c415-ec0e5206,,compute.googleapis.com,mapreducesystem@manisha-suresh.iam.gserviceaccount.com,//iam.googleapis.com/projects/manisha-suresh/serviceAccounts/mapreducesystem@manisha-suresh.iam.gserviceaccount.com/keys/400bdc514e9747f98c897caf2f8615d4074f5011,"true,true,true,true,true,true","compute.instances.create,compute.disks.create,compute.subnetworks.use,compute.subnetworks.useExternalIp,compute.instances.setMetadata,compute.instances.setServiceAccount","projects/manisha-suresh/zones/us-central1-a/instances/map-reduce1,projects/manisha-suresh/zones/us-central1-a/disks/map-reduce1,projects/manisha-suresh/regions/us-central1/subnetworks/default,projects/manisha-suresh/regions/us-central1/subnetworks/default,projects/manisha-suresh/zones/us-central1-a/instances/map-reduce1,projects/manisha-suresh/zones/us-central1-a/instances/map-reduce1","compute,compute,compute,compute,compute,compute","compute.instances,compute.disks,compute.subnetworks,compute.subnetworks,compute.instances,compute.instances",v1.compute.instances.insert,type.googleapis.com/compute.instances.insert,[object Object],projects/manisha-suresh/zones/us-central1-a/machineTypes/e2-medium,map-reduce1,[object Object],[object Object],34.72.158.1,//compute.googleapis.com/projects/manisha-suresh/global/networks/__unknown__,"(gzip),gzip(gfe)",[object Object],[object Object],,2020-10-24T00:32:27.258843Z,us-central1-a,projects/manisha-suresh/zones/us-central1-a/instances/map-reduce1,type.googleapis.com/operation,1.31919E+18,2020-10-23T17:32:27.081-07:00,operation-1603499546241-5b25fd4d9e87a-4128c415-ec0e5206,insert,0,https://www.googleapis.com/compute/v1/projects/manisha-suresh/zones/us-central1-a/operations/operation-1603499546241-5b25fd4d9e87a-4128c415-ec0e5206,https://www.googleapis.com/compute/v1/projects/manisha-suresh/zones/us-central1-a/operations/1319194916462446837,2020-10-23T17:32:27.084-07:00,RUNNING,2.26081E+18,https://www.googleapis.com/compute/v1/projects/manisha-suresh/zones/us-central1-a/instances/map-reduce1,mapreducesystem@manisha-suresh.iam.gserviceaccount.com,https://www.googleapis.com/compute/v1/projects/manisha-suresh/zones/us-central1-a,compute.googleapis.com,2020-10-24T00:32:27.309379728Z,2.26081E+18,manisha-suresh,us-central1-a,gce_instance,NOTICE,2020-10-24T00:32:26.287315Z
a00xtjdef3e,projects/manisha-suresh/logs/cloudaudit.googleapis.com%2Factivity,,operation-1603499397306-5b25fcbf9583e-3d2d4981-cbd1ae50,TRUE,compute.googleapis.com,mapreducesystem@manisha-suresh.iam.gserviceaccount.com,,,,,,,v1.compute.instances.delete,type.googleapis.com/compute.instances.delete,,,,,,34.72.158.1,//compute.googleapis.com/projects/manisha-suresh/global/networks/__unknown__,"(gzip),gzip(gfe)",[object Object],,,,,projects/manisha-suresh/zones/us-central1-a/instances/map-reduce3,,,,,,,,,,,,,,,compute.googleapis.com,2020-10-24T00:30:23.750393878Z,6.45849E+18,manisha-suresh,us-central1-a,gce_instance,NOTICE,2020-10-24T00:30:23.297118Z
ftg4lrdjbtg,projects/manisha-suresh/logs/cloudaudit.googleapis.com%2Factivity,,operation-1603499396291-5b25fcbe9dba6-13af574d-727ad592,TRUE,compute.googleapis.com,mapreducesystem@manisha-suresh.iam.gserviceaccount.com,,,,,,,v1.compute.instances.delete,type.googleapis.com/compute.instances.delete,,,,,,34.72.158.1,//compute.googleapis.com/projects/manisha-suresh/global/networks/__unknown__,"(gzip),gzip(gfe)",[object Object],,,,,projects/manisha-suresh/zones/us-central1-a/instances/map-reduce1,,,,,,,,,,,,,,,compute.googleapis.com,2020-10-24T00:30:23.956747354Z,2.08956E+17,manisha-suresh,us-central1-a,gce_instance,NOTICE,2020-10-24T00:30:22.883257Z
6yc0tzd29a6,projects/manisha-suresh/logs/cloudaudit.googleapis.com%2Factivity,,operation-1603499397708-5b25fcbff7a4d-d21bd9bb-70c25a5d,TRUE,compute.googleapis.com,mapreducesystem@manisha-suresh.iam.gserviceaccount.com,,,,,,,v1.compute.instances.delete,type.googleapis.com/compute.instances.delete,,,,,,34.72.158.1,//compute.googleapis.com/projects/manisha-suresh/global/networks/__unknown__,"(gzip),gzip(gfe)",[object Object],,,,,projects/manisha-suresh/zones/us-central1-a/instances/map-reduce4,,,,,,,,,,,,,,,compute.googleapis.com,2020-10-24T00:30:21.484212129Z,4.95203E+18,manisha-suresh,us-central1-a,gce_instance,NOTICE,2020-10-24T00:30:21.123166Z
uf3ffddn0k,projects/manisha-suresh/logs/cloudaudit.googleapis.com%2Factivity,,operation-1603499396779-5b25fcbf14f24-e448d329-8552b004,TRUE,compute.googleapis.com,mapreducesystem@manisha-suresh.iam.gserviceaccount.com,,,,,,,v1.compute.instances.delete,type.googleapis.com/compute.instances.delete,,,,,,34.72.158.1,//compute.googleapis.com/projects/manisha-suresh/global/networks/__unknown__,"(gzip),gzip(gfe)",[object Object],,,,,projects/manisha-suresh/zones/us-central1-a/instances/map-reduce2,,,,,,,,,,,,,,,compute.googleapis.com,2020-10-24T00:30:11.554427316Z,1.69607E+18,manisha-suresh,us-central1-a,gce_instance,NOTICE,2020-10-24T00:30:10.947905Z
8lowp0dncek,projects/manisha-suresh/logs/cloudaudit.googleapis.com%2Factivity,TRUE,operation-1603499397708-5b25fcbff7a4d-d21bd9bb-70c25a5d,,compute.googleapis.com,mapreducesystem@manisha-suresh.iam.gserviceaccount.com,//iam.googleapis.com/projects/manisha-suresh/serviceAccounts/mapreducesystem@manisha-suresh.iam.gserviceaccount.com/keys/400bdc514e9747f98c897caf2f8615d4074f5011,TRUE,compute.instances.delete,projects/manisha-suresh/zones/us-central1-a/instances/map-reduce4,compute,compute.instances,v1.compute.instances.delete,type.googleapis.com/compute.instances.delete,,,,,,34.72.158.1,//compute.googleapis.com/projects/manisha-suresh/global/networks/__unknown__,"(gzip),gzip(gfe)",[object Object],[object Object],,2020-10-24T00:29:58.163544Z,us-central1-a,projects/manisha-suresh/zones/us-central1-a/instances/map-reduce4,type.googleapis.com/operation,7.73897E+18,2020-10-23T17:29:58.052-07:00,operation-1603499397708-5b25fcbff7a4d-d21bd9bb-70c25a5d,delete,0,https://www.googleapis.com/compute/v1/projects/manisha-suresh/zones/us-central1-a/operations/operation-1603499397708-5b25fcbff7a4d-d21bd9bb-70c25a5d,https://www.googleapis.com/compute/v1/projects/manisha-suresh/zones/us-central1-a/operations/7738968158261660521,2020-10-23T17:29:58.066-07:00,RUNNING,4.95203E+18,https://www.googleapis.com/compute/v1/projects/manisha-suresh/zones/us-central1-a/instances/map-reduce4,mapreducesystem@manisha-suresh.iam.gserviceaccount.com,https://www.googleapis.com/compute/v1/projects/manisha-suresh/zones/us-central1-a,compute.googleapis.com,2020-10-24T00:29:58.950960928Z,4.95203E+18,manisha-suresh,us-central1-a,gce_instance,NOTICE,2020-10-24T00:29:57.745272Z
t5culpe1s4nu,projects/manisha-suresh/logs/cloudaudit.googleapis.com%2Factivity,TRUE,operation-1603499397306-5b25fcbf9583e-3d2d4981-cbd1ae50,,compute.googleapis.com,mapreducesystem@manisha-suresh.iam.gserviceaccount.com,//iam.googleapis.com/projects/manisha-suresh/serviceAccounts/mapreducesystem@manisha-suresh.iam.gserviceaccount.com/keys/400bdc514e9747f98c897caf2f8615d4074f5011,TRUE,compute.instances.delete,projects/manisha-suresh/zones/us-central1-a/instances/map-reduce3,compute,compute.instances,v1.compute.instances.delete,type.googleapis.com/compute.instances.delete,,,,,,34.72.158.1,//compute.googleapis.com/projects/manisha-suresh/global/networks/__unknown__,"(gzip),gzip(gfe)",[object Object],[object Object],,2020-10-24T00:29:57.679155Z,us-central1-a,projects/manisha-suresh/zones/us-central1-a/instances/map-reduce3,type.googleapis.com/operation,5.0994E+18,2020-10-23T17:29:57.566-07:00,operation-1603499397306-5b25fcbf9583e-3d2d4981-cbd1ae50,delete,0,https://www.googleapis.com/compute/v1/projects/manisha-suresh/zones/us-central1-a/operations/operation-1603499397306-5b25fcbf9583e-3d2d4981-cbd1ae50,https://www.googleapis.com/compute/v1/projects/manisha-suresh/zones/us-central1-a/operations/5099397449890319210,2020-10-23T17:29:57.577-07:00,RUNNING,6.45849E+18,https://www.googleapis.com/compute/v1/projects/manisha-suresh/zones/us-central1-a/instances/map-reduce3,mapreducesystem@manisha-suresh.iam.gserviceaccount.com,https://www.googleapis.com/compute/v1/projects/manisha-suresh/zones/us-central1-a,compute.googleapis.com,2020-10-24T00:29:57.936503503Z,6.45849E+18,manisha-suresh,us-central1-a,gce_instance,NOTICE,2020-10-24T00:29:57.346139Z
-5th8wbe19584,projects/manisha-suresh/logs/cloudaudit.googleapis.com%2Factivity,TRUE,operation-1603499396779-5b25fcbf14f24-e448d329-8552b004,,compute.googleapis.com,mapreducesystem@manisha-suresh.iam.gserviceaccount.com,//iam.googleapis.com/projects/manisha-suresh/serviceAccounts/mapreducesystem@manisha-suresh.iam.gserviceaccount.com/keys/400bdc514e9747f98c897caf2f8615d4074f5011,TRUE,compute.instances.delete,projects/manisha-suresh/zones/us-central1-a/instances/map-reduce2,compute,compute.instances,v1.compute.instances.delete,type.googleapis.com/compute.instances.delete,,,,,,34.72.158.1,//compute.googleapis.com/projects/manisha-suresh/global/networks/__unknown__,"(gzip),gzip(gfe)",[object Object],[object Object],,2020-10-24T00:29:57.278787Z,us-central1-a,projects/manisha-suresh/zones/us-central1-a/instances/map-reduce2,type.googleapis.com/operation,6.55662E+18,2020-10-23T17:29:57.162-07:00,operation-1603499396779-5b25fcbf14f24-e448d329-8552b004,delete,0,https://www.googleapis.com/compute/v1/projects/manisha-suresh/zones/us-central1-a/operations/operation-1603499396779-5b25fcbf14f24-e448d329-8552b004,https://www.googleapis.com/compute/v1/projects/manisha-suresh/zones/us-central1-a/operations/6556624401100360554,2020-10-23T17:29:57.174-07:00,RUNNING,1.69607E+18,https://www.googleapis.com/compute/v1/projects/manisha-suresh/zones/us-central1-a/instances/map-reduce2,mapreducesystem@manisha-suresh.iam.gserviceaccount.com,https://www.googleapis.com/compute/v1/projects/manisha-suresh/zones/us-central1-a,compute.googleapis.com,2020-10-24T00:29:57.661438806Z,1.69607E+18,manisha-suresh,us-central1-a,gce_instance,NOTICE,2020-10-24T00:29:56.827278Z
63ta9oe1qsos,projects/manisha-suresh/logs/cloudaudit.googleapis.com%2Factivity,TRUE,operation-1603499396291-5b25fcbe9dba6-13af574d-727ad592,,compute.googleapis.com,mapreducesystem@manisha-suresh.iam.gserviceaccount.com,//iam.googleapis.com/projects/manisha-suresh/serviceAccounts/mapreducesystem@manisha-suresh.iam.gserviceaccount.com/keys/400bdc514e9747f98c897caf2f8615d4074f5011,TRUE,compute.instances.delete,projects/manisha-suresh/zones/us-central1-a/instances/map-reduce1,compute,compute.instances,v1.compute.instances.delete,type.googleapis.com/compute.instances.delete,,,,,,34.72.158.1,//compute.googleapis.com/projects/manisha-suresh/global/networks/__unknown__,"(gzip),gzip(gfe)",[object Object],[object Object],,2020-10-24T00:29:56.751631Z,us-central1-a,projects/manisha-suresh/zones/us-central1-a/instances/map-reduce1,type.googleapis.com/operation,4.45974E+18,2020-10-23T17:29:56.642-07:00,operation-1603499396291-5b25fcbe9dba6-13af574d-727ad592,delete,0,https://www.googleapis.com/compute/v1/projects/manisha-suresh/zones/us-central1-a/operations/operation-1603499396291-5b25fcbe9dba6-13af574d-727ad592,https://www.googleapis.com/compute/v1/projects/manisha-suresh/zones/us-central1-a/operations/4459736464279653227,2020-10-23T17:29:56.653-07:00,RUNNING,2.08956E+17,https://www.googleapis.com/compute/v1/projects/manisha-suresh/zones/us-central1-a/instances/map-reduce1,mapreducesystem@manisha-suresh.iam.gserviceaccount.com,https://www.googleapis.com/compute/v1/projects/manisha-suresh/zones/us-central1-a,compute.googleapis.com,2020-10-24T00:29:57.111589167Z,2.08956E+17,manisha-suresh,us-central1-a,gce_instance,NOTICE,2020-10-24T00:29:56.333188Z
#NAME?,projects/manisha-suresh/logs/cloudaudit.googleapis.com%2Factivity,,operation-1603499263064-5b25fc3f8f8b2-69503bf7-1eb15cbb,TRUE,compute.googleapis.com,mapreducesystem@manisha-suresh.iam.gserviceaccount.com,,,,,,,v1.compute.instances.insert,type.googleapis.com/compute.instances.insert,,,,,,34.72.158.1,//compute.googleapis.com/projects/manisha-suresh/global/networks/__unknown__,"(gzip),gzip(gfe)",[object Object],,,,,projects/manisha-suresh/zones/us-central1-a/instances/map-reduce4,,,,,,,,,,,,,,,compute.googleapis.com,2020-10-24T00:27:51.159771920Z,4.95203E+18,manisha-suresh,us-central1-a,gce_instance,NOTICE,2020-10-24T00:27:50.886449Z
#NAME?,projects/manisha-suresh/logs/cloudaudit.googleapis.com%2Factivity,,operation-1603499261771-5b25fc3e5404f-aa0e0ca6-63ee5b82,TRUE,compute.googleapis.com,mapreducesystem@manisha-suresh.iam.gserviceaccount.com,,,,,,,v1.compute.instances.insert,type.googleapis.com/compute.instances.insert,,,,,,34.72.158.1,//compute.googleapis.com/projects/manisha-suresh/global/networks/__unknown__,"(gzip),gzip(gfe)",[object Object],,,,,projects/manisha-suresh/zones/us-central1-a/instances/map-reduce3,,,,,,,,,,,,,,,compute.googleapis.com,2020-10-24T00:27:51.189732572Z,6.45849E+18,manisha-suresh,us-central1-a,gce_instance,NOTICE,2020-10-24T00:27:50.132466Z
#NAME?,projects/manisha-suresh/logs/cloudaudit.googleapis.com%2Factivity,,operation-1603499260745-5b25fc3d5959d-2c547cb0-ad2eaba7,TRUE,compute.googleapis.com,mapreducesystem@manisha-suresh.iam.gserviceaccount.com,,,,,,,v1.compute.instances.insert,type.googleapis.com/compute.instances.insert,,,,,,34.72.158.1,//compute.googleapis.com/projects/manisha-suresh/global/networks/__unknown__,"(gzip),gzip(gfe)",[object Object],,,,,projects/manisha-suresh/zones/us-central1-a/instances/map-reduce2,,,,,,,,,,,,,,,compute.googleapis.com,2020-10-24T00:27:49.929484833Z,1.69607E+18,manisha-suresh,us-central1-a,gce_instance,NOTICE,2020-10-24T00:27:49.167433Z
-7h84j6da99q,projects/manisha-suresh/logs/cloudaudit.googleapis.com%2Factivity,,operation-1603499259600-5b25fc3c41e57-2cf5d3d9-73715166,TRUE,compute.googleapis.com,mapreducesystem@manisha-suresh.iam.gserviceaccount.com,,,,,,,v1.compute.instances.insert,type.googleapis.com/compute.instances.insert,,,,,,34.72.158.1,//compute.googleapis.com/projects/manisha-suresh/global/networks/__unknown__,"(gzip),gzip(gfe)",[object Object],,,,,projects/manisha-suresh/zones/us-central1-a/instances/map-reduce1,,,,,,,,,,,,,,,compute.googleapis.com,2020-10-24T00:27:47.575142982Z,2.08956E+17,manisha-suresh,us-central1-a,gce_instance,NOTICE,2020-10-24T00:27:47.298333Z
#NAME?,projects/manisha-suresh/logs/cloudaudit.googleapis.com%2Factivity,TRUE,operation-1603499263064-5b25fc3f8f8b2-69503bf7-1eb15cbb,,compute.googleapis.com,mapreducesystem@manisha-suresh.iam.gserviceaccount.com,//iam.googleapis.com/projects/manisha-suresh/serviceAccounts/mapreducesystem@manisha-suresh.iam.gserviceaccount.com/keys/400bdc514e9747f98c897caf2f8615d4074f5011,"true,true,true,true,true,true","compute.instances.create,compute.disks.create,compute.subnetworks.use,compute.subnetworks.useExternalIp,compute.instances.setMetadata,compute.instances.setServiceAccount","projects/manisha-suresh/zones/us-central1-a/instances/map-reduce4,projects/manisha-suresh/zones/us-central1-a/disks/map-reduce4,projects/manisha-suresh/regions/us-central1/subnetworks/default,projects/manisha-suresh/regions/us-central1/subnetworks/default,projects/manisha-suresh/zones/us-central1-a/instances/map-reduce4,projects/manisha-suresh/zones/us-central1-a/instances/map-reduce4","compute,compute,compute,compute,compute,compute","compute.instances,compute.disks,compute.subnetworks,compute.subnetworks,compute.instances,compute.instances",v1.compute.instances.insert,type.googleapis.com/compute.instances.insert,[object Object],projects/manisha-suresh/zones/us-central1-a/machineTypes/e2-medium,map-reduce4,[object Object],[object Object],34.72.158.1,//compute.googleapis.com/projects/manisha-suresh/global/networks/__unknown__,"(gzip),gzip(gfe)",[object Object],[object Object],,2020-10-24T00:27:44.016786Z,us-central1-a,projects/manisha-suresh/zones/us-central1-a/instances/map-reduce4,type.googleapis.com/operation,2.13643E+18,2020-10-23T17:27:43.864-07:00,operation-1603499263064-5b25fc3f8f8b2-69503bf7-1eb15cbb,insert,0,https://www.googleapis.com/compute/v1/projects/manisha-suresh/zones/us-central1-a/operations/operation-1603499263064-5b25fc3f8f8b2-69503bf7-1eb15cbb,https://www.googleapis.com/compute/v1/projects/manisha-suresh/zones/us-central1-a/operations/2136426213915150864,2020-10-23T17:27:43.866-07:00,RUNNING,4.95203E+18,https://www.googleapis.com/compute/v1/projects/manisha-suresh/zones/us-central1-a/instances/map-reduce4,mapreducesystem@manisha-suresh.iam.gserviceaccount.com,https://www.googleapis.com/compute/v1/projects/manisha-suresh/zones/us-central1-a,compute.googleapis.com,2020-10-24T00:27:44.423282245Z,4.95203E+18,manisha-suresh,us-central1-a,gce_instance,NOTICE,2020-10-24T00:27:43.123442Z
ln7pjce1in4e,projects/manisha-suresh/logs/cloudaudit.googleapis.com%2Factivity,TRUE,operation-1603499261771-5b25fc3e5404f-aa0e0ca6-63ee5b82,,compute.googleapis.com,mapreducesystem@manisha-suresh.iam.gserviceaccount.com,//iam.googleapis.com/projects/manisha-suresh/serviceAccounts/mapreducesystem@manisha-suresh.iam.gserviceaccount.com/keys/400bdc514e9747f98c897caf2f8615d4074f5011,"true,true,true,true,true,true","compute.instances.create,compute.disks.create,compute.subnetworks.use,compute.subnetworks.useExternalIp,compute.instances.setMetadata,compute.instances.setServiceAccount","projects/manisha-suresh/zones/us-central1-a/instances/map-reduce3,projects/manisha-suresh/zones/us-central1-a/disks/map-reduce3,projects/manisha-suresh/regions/us-central1/subnetworks/default,projects/manisha-suresh/regions/us-central1/subnetworks/default,projects/manisha-suresh/zones/us-central1-a/instances/map-reduce3,projects/manisha-suresh/zones/us-central1-a/instances/map-reduce3","compute,compute,compute,compute,compute,compute","compute.instances,compute.disks,compute.subnetworks,compute.subnetworks,compute.instances,compute.instances",v1.compute.instances.insert,type.googleapis.com/compute.instances.insert,[object Object],projects/manisha-suresh/zones/us-central1-a/machineTypes/e2-medium,map-reduce3,[object Object],[object Object],34.72.158.1,//compute.googleapis.com/projects/manisha-suresh/global/networks/__unknown__,"(gzip),gzip(gfe)",[object Object],[object Object],,2020-10-24T00:27:43.036491Z,us-central1-a,projects/manisha-suresh/zones/us-central1-a/instances/map-reduce3,type.googleapis.com/operation,6.05171E+18,2020-10-23T17:27:42.867-07:00,operation-1603499261771-5b25fc3e5404f-aa0e0ca6-63ee5b82,insert,0,https://www.googleapis.com/compute/v1/projects/manisha-suresh/zones/us-central1-a/operations/operation-1603499261771-5b25fc3e5404f-aa0e0ca6-63ee5b82,https://www.googleapis.com/compute/v1/projects/manisha-suresh/zones/us-central1-a/operations/6051705984198298129,2020-10-23T17:27:42.871-07:00,RUNNING,6.45849E+18,https://www.googleapis.com/compute/v1/projects/manisha-suresh/zones/us-central1-a/instances/map-reduce3,mapreducesystem@manisha-suresh.iam.gserviceaccount.com,https://www.googleapis.com/compute/v1/projects/manisha-suresh/zones/us-central1-a,compute.googleapis.com,2020-10-24T00:27:43.774607350Z,6.45849E+18,manisha-suresh,us-central1-a,gce_instance,NOTICE,2020-10-24T00:27:41.821661Z
#NAME?,projects/manisha-suresh/logs/cloudaudit.googleapis.com%2Factivity,TRUE,operation-1603499260745-5b25fc3d5959d-2c547cb0-ad2eaba7,,compute.googleapis.com,mapreducesystem@manisha-suresh.iam.gserviceaccount.com,//iam.googleapis.com/projects/manisha-suresh/serviceAccounts/mapreducesystem@manisha-suresh.iam.gserviceaccount.com/keys/400bdc514e9747f98c897caf2f8615d4074f5011,"true,true,true,true,true,true","compute.instances.create,compute.disks.create,compute.subnetworks.use,compute.subnetworks.useExternalIp,compute.instances.setMetadata,compute.instances.setServiceAccount","projects/manisha-suresh/zones/us-central1-a/instances/map-reduce2,projects/manisha-suresh/zones/us-central1-a/disks/map-reduce2,projects/manisha-suresh/regions/us-central1/subnetworks/default,projects/manisha-suresh/regions/us-central1/subnetworks/default,projects/manisha-suresh/zones/us-central1-a/instances/map-reduce2,projects/manisha-suresh/zones/us-central1-a/instances/map-reduce2","compute,compute,compute,compute,compute,compute","compute.instances,compute.disks,compute.subnetworks,compute.subnetworks,compute.instances,compute.instances",v1.compute.instances.insert,type.googleapis.com/compute.instances.insert,[object Object],projects/manisha-suresh/zones/us-central1-a/machineTypes/e2-medium,map-reduce2,[object Object],[object Object],34.72.158.1,//compute.googleapis.com/projects/manisha-suresh/global/networks/__unknown__,"(gzip),gzip(gfe)",[object Object],[object Object],,2020-10-24T00:27:41.753Z,us-central1-a,projects/manisha-suresh/zones/us-central1-a/instances/map-reduce2,type.googleapis.com/operation,7.12026E+18,2020-10-23T17:27:41.596-07:00,operation-1603499260745-5b25fc3d5959d-2c547cb0-ad2eaba7,insert,0,https://www.googleapis.com/compute/v1/projects/manisha-suresh/zones/us-central1-a/operations/operation-1603499260745-5b25fc3d5959d-2c547cb0-ad2eaba7,https://www.googleapis.com/compute/v1/projects/manisha-suresh/zones/us-central1-a/operations/7120260801964722706,2020-10-23T17:27:41.599-07:00,RUNNING,1.69607E+18,https://www.googleapis.com/compute/v1/projects/manisha-suresh/zones/us-central1-a/instances/map-reduce2,mapreducesystem@manisha-suresh.iam.gserviceaccount.com,https://www.googleapis.com/compute/v1/projects/manisha-suresh/zones/us-central1-a,compute.googleapis.com,2020-10-24T00:27:42.564759168Z,1.69607E+18,manisha-suresh,us-central1-a,gce_instance,NOTICE,2020-10-24T00:27:40.802531Z
3maidse1ylpi,projects/manisha-suresh/logs/cloudaudit.googleapis.com%2Factivity,TRUE,operation-1603499259600-5b25fc3c41e57-2cf5d3d9-73715166,,compute.googleapis.com,mapreducesystem@manisha-suresh.iam.gserviceaccount.com,//iam.googleapis.com/projects/manisha-suresh/serviceAccounts/mapreducesystem@manisha-suresh.iam.gserviceaccount.com/keys/400bdc514e9747f98c897caf2f8615d4074f5011,"true,true,true,true,true,true","compute.instances.create,compute.disks.create,compute.subnetworks.use,compute.subnetworks.useExternalIp,compute.instances.setMetadata,compute.instances.setServiceAccount","projects/manisha-suresh/zones/us-central1-a/instances/map-reduce1,projects/manisha-suresh/zones/us-central1-a/disks/map-reduce1,projects/manisha-suresh/regions/us-central1/subnetworks/default,projects/manisha-suresh/regions/us-central1/subnetworks/default,projects/manisha-suresh/zones/us-central1-a/instances/map-reduce1,projects/manisha-suresh/zones/us-central1-a/instances/map-reduce1","compute,compute,compute,compute,compute,compute","compute.instances,compute.disks,compute.subnetworks,compute.subnetworks,compute.instances,compute.instances",v1.compute.instances.insert,type.googleapis.com/compute.instances.insert,[object Object],projects/manisha-suresh/zones/us-central1-a/machineTypes/e2-medium,map-reduce1,[object Object],[object Object],34.72.158.1,//compute.googleapis.com/projects/manisha-suresh/global/networks/__unknown__,"(gzip),gzip(gfe)",[object Object],[object Object],,2020-10-24T00:27:40.721762Z,us-central1-a,projects/manisha-suresh/zones/us-central1-a/instances/map-reduce1,type.googleapis.com/operation,5.28781E+18,2020-10-23T17:27:40.489-07:00,operation-1603499259600-5b25fc3c41e57-2cf5d3d9-73715166,insert,0,https://www.googleapis.com/compute/v1/projects/manisha-suresh/zones/us-central1-a/operations/operation-1603499259600-5b25fc3c41e57-2cf5d3d9-73715166,https://www.googleapis.com/compute/v1/projects/manisha-suresh/zones/us-central1-a/operations/5287813331543837203,2020-10-23T17:27:40.490-07:00,RUNNING,2.08956E+17,https://www.googleapis.com/compute/v1/projects/manisha-suresh/zones/us-central1-a/instances/map-reduce1,mapreducesystem@manisha-suresh.iam.gserviceaccount.com,https://www.googleapis.com/compute/v1/projects/manisha-suresh/zones/us-central1-a,compute.googleapis.com,2020-10-24T00:27:41.508749767Z,2.08956E+17,manisha-suresh,us-central1-a,gce_instance,NOTICE,2020-10-24T00:27:39.638380Z
8w5hbsdg9tk,projects/manisha-suresh/logs/cloudaudit.googleapis.com%2Factivity,,operation-1603499199103-5b25fc02901f3-0fb689e0-e3c74f99,TRUE,compute.googleapis.com,mapreducesystem@manisha-suresh.iam.gserviceaccount.com,,,,,,,v1.compute.instances.delete,type.googleapis.com/compute.instances.delete,,,,,,34.72.158.1,//compute.googleapis.com/projects/manisha-suresh/global/networks/__unknown__,"(gzip),gzip(gfe)",[object Object],,,,,projects/manisha-suresh/zones/us-central1-a/instances/map-reduce1,,,,,,,,,,,,,,,compute.googleapis.com,2020-10-24T00:27:01.751027612Z,4.62848E+18,manisha-suresh,us-central1-a,gce_instance,NOTICE,2020-10-24T00:27:00.901821Z
#NAME?,projects/manisha-suresh/logs/cloudaudit.googleapis.com%2Factivity,,operation-1603499200561-5b25fc03f4295-896a4a45-fd443f58,TRUE,compute.googleapis.com,mapreducesystem@manisha-suresh.iam.gserviceaccount.com,,,,,,,v1.compute.instances.delete,type.googleapis.com/compute.instances.delete,,,,,,34.72.158.1,//compute.googleapis.com/projects/manisha-suresh/global/networks/__unknown__,"(gzip),gzip(gfe)",[object Object],,,,,projects/manisha-suresh/zones/us-central1-a/instances/map-reduce4,,,,,,,,,,,,,,,compute.googleapis.com,2020-10-24T00:26:57.859815735Z,5.33769E+18,manisha-suresh,us-central1-a,gce_instance,NOTICE,2020-10-24T00:26:57.004057Z
-c72vlrdamzi,projects/manisha-suresh/logs/cloudaudit.googleapis.com%2Factivity,,operation-1603499200009-5b25fc036d367-ad178f61-d30cc4fb,TRUE,compute.googleapis.com,mapreducesystem@manisha-suresh.iam.gserviceaccount.com,,,,,,,v1.compute.instances.delete,type.googleapis.com/compute.instances.delete,,,,,,34.72.158.1,//compute.googleapis.com/projects/manisha-suresh/global/networks/__unknown__,"(gzip),gzip(gfe)",[object Object],,,,,projects/manisha-suresh/zones/us-central1-a/instances/map-reduce3,,,,,,,,,,,,,,,compute.googleapis.com,2020-10-24T00:26:57.509677832Z,8.30763E+18,manisha-suresh,us-central1-a,gce_instance,NOTICE,2020-10-24T00:26:56.960404Z
288v41db64w,projects/manisha-suresh/logs/cloudaudit.googleapis.com%2Factivity,,operation-1603499199531-5b25fc02f8b61-5ba6c593-d3523fdb,TRUE,compute.googleapis.com,mapreducesystem@manisha-suresh.iam.gserviceaccount.com,,,,,,,v1.compute.instances.delete,type.googleapis.com/compute.instances.delete,,,,,,34.72.158.1,//compute.googleapis.com/projects/manisha-suresh/global/networks/__unknown__,"(gzip),gzip(gfe)",[object Object],,,,,projects/manisha-suresh/zones/us-central1-a/instances/map-reduce2,,,,,,,,,,,,,,,compute.googleapis.com,2020-10-24T00:26:53.959406256Z,3.79813E+18,manisha-suresh,us-central1-a,gce_instance,NOTICE,2020-10-24T00:26:53.075993Z
